blog_id,theme_id,theme_name
0,10059757620,譜久村聖
0,10059751724,生田衣梨奈
0,10059735837,ブログ
0,10059757602,鞘師里保
1,10059753314,佐藤優樹
1,10059753252,飯窪春菜
1,10059753284,石田亜佑美
1,10068520081,小田さくら
1,10059735850,ブログ
2,10086725508,牧野真莉愛
2,10086725506,野中美希
2,10086725549,羽賀朱音
3,10101156746,加賀楓
3,10101009109,横山玲奈
3,10103247869,森戸知沙希
3,10100841001,ブログ
4,10109826702,北川莉央
4,10109826705,山﨑愛生
4,10109826703,岡村ほまれ
5,10087142415,勝田里奈
5,10087142424,竹内朱莉
5,10087142410,中西香菜
6,10103225477,川村文乃
6,10097979200,笠原桃奈
6,10094584095,上國料萌衣
6,10087285029,佐々木莉佳子
6,10103225326,船木結
6,10087284995,室田瑞希
7,10108008043,伊勢鈴蘭
7,10108008037,太田遥香
7,10107971670,ブログ
7,10109826701,橋迫鈴
8,10106520232,稲場愛香
8,10103223818,段原瑠々
8,10073622419,宮崎由加
8,10073622464,高木紗友希
8,10073622495,宮本佳林
8,10073622432,金澤朋子
8,10073622506,植村あかり
8,10068917259,ブログ
8,10109826774,松永里愛
8,10109826771,工藤由愛
9,10094622016,梁川奈々美
9,10087903830,小関舞
9,10087903791,山木梨沙
9,10094622018,船木結
9,10087903805,森戸知沙希
9,10087293055,お知らせ
10,10089023603,井上玲音
10,10089023588,浜浦彩乃
10,10089023592,和田桜子
10,10089023515,広瀬彩海
10,10089023524,野村みな美
11,10090188551,谷本安美
11,10098778228,小野田紗栞
11,10090188555,岸本ゆめの
11,10098778223,小野瑞歩
11,10090188560,浅倉樹々
11,10090188548,新沼希空
11,10098778236,秋山眞緒
11,10090188547,小片リサ
11,10090188545,山岸理子
11,10089538077,ブログ
12,10107497239,一岡伶奈
12,10107497243,西田汐里
12,10107497241,島倉りか
12,10107497245,江口紗耶
13,10107497235,山﨑夢羽
13,10107497238,清野桃々姫
13,10107497233,前田こころ
13,10107497232,高瀬くるみ
13,10107497237,岡村美波
14,10108019356,平井美葉
14,10108019359,里吉うたの
14,10108019358,小林萌花
14,10107978285,ブログ
4,10109680472,ブログ